NAME,BRAND,STYLE ID,COLORWAY,GENDER,RETAIL PRICE,RELEASE YEAR
Jordan XXXII Low Last Shot,Jordan,AA1256-003,Black/Gym Red-Tour Yellow,men,160,2018
Jordan 13 Retro Carmelo Anthony Class Of 2002 (GS),Jordan,884129-035,Black/University Red-University Gold,child,140,2018
Jordan 1 Rebel XX Cinder Orange (W),Jordan,AO1530-800,Cinder Orange/Cinder Orange,women,145,2018
Jordan 13 Retro Metal Cleat Black,Jordan,AR4476-001,Black/White-White,men,120,2018
Jordan 1 Retro Low Black Gold Patent (GS),Jordan,554723-032,Black/Metallic Gold-White,child,80,2018
Jordan XXXII Low Gordon St.,Jordan,AA1256-004,Light Bone/Black-Vachetta Tan-Infrared,men,160,2018
Jordan 8 Retro South Beach (GS),Jordan,305368-113,White/White-Turbo Green-Neutral Grey,child,140,2018
Jordan 1 Jester XX Geode Teal (W),Jordan,AO1265-300,Geode Teal/Geode Teal,women,160,2018
Jordan 1 Retro Low NS White (W),Jordan,AH7232-100,White/White-Metallic Gold,women,110,2018
Jordan Why Not Zer0.1 UNC,Jordan,AA2510-402,University Blue/White,men,125,2018
Jordan 10 Retro Black Fuchsia Black (GS),Jordan,487211-017,Black/Fuchsia Blast-Black,child,140,2018
Jordan 1 Mid Chicago (GS),Jordan,554725-605,Gym Red/White-Black,child,90,2018
Jordan Why Not Zer0.1 Bred,Jordan,AA2510-007,Black/Gym Red,men,125,2018
Jordan XXXII UNC,Jordan,AA1253-406,University Blue/Metallic Silver,men,185,2018
Jordan Future Black Concord,Jordan,AV7007-001,Black/White-Dark Concord,men,150,2018
Jordan 13 Retro White Hyper Royal Black (PS),Jordan,414575-117,White/Hyper Royal-Black,preschool,80,2018
Jordan 1 Retro High Vintage Coral,Jordan,555088-800,Vintage Coral/Sail,men,160,2018
Jordan Future Quai54 2018 (GS),Jordan,,Black/Black-University Blue-Pink Blast,child,,2018
Jordan 1 Retro High Flyknit Derek Jeter RE2PECT,Jordan,AH7233-105,Sail/Metallic Gold-Midnight Navy,men,180,2018
Jordan XXXII Pure Platinum 2,Jordan,AA1253-007,Pure Platinum/Hyper Royal,men,185,2018
Jordan 1 Explorer XX Luminous Green (W),Jordan,AO1529-300,Luminous Green/Luminous Green,women,145,2018
Jordan 1 Retro High Season of Her Light Aqua (W),Jordan,AO1847-440,Light Aqua/White-Metallic Gold,women,160,2018
Jordan 1 Low White Black (GS),Jordan,553560-103,White/Black,child,75,2018
Jordan XXXII Low Camo (GS),Jordan,AA1257-021/AH3347-021,Black/Metallic Gold-White,child,120,2018
Jordan Why Not Zer0.1 Michigan,Jordan,AA2510-405,College Navy/Amarillo-White,men,125,2018
Jordan 1 Retro High OG Essentials Black (GS),Jordan,575441-022,Black/University Red,child,120,2017
Jordan 6 Retro Golden Harvest (PS),Jordan,384666-705,Golden Harvest/Golden Harvest-Sail,preschool,80,2017
Jordan 2 Retro Decon Sail,Jordan,897521-100,Sail/Sail-Bio Beige,men,160,2017
Jordan 2 Retro Decon Black,Jordan,897521-010,Black/Black,men,160,2017
Jordan Flightclub 91 White Black Gym Red,Jordan,555475-121,White/Black-Gym Red,men,130,2017
Jordan Flightclub 91 Gym Red,Jordan,555475-600,Gym Red/White-Black,men,130,2017
Jordan True Flight Light Armory Blue (GS),Jordan,342774-400,Light Armory Blue/Midnight Navy,child,100,2017
Jordan 1 Retro High Gatorade Orange Peel (GS),Jordan,AJ6000-880,Orange Peel/Orange Peel,child,150,2017
Jordan 6 Retro Pantone (GS),Jordan,543390-407,Still Blue/White-White,child,140,2017
Jordan 1 Retro Black Perforated,Jordan,555088-002,Black/White-Black,men,160,2017
Jordan 1 Retro High Camo 3M Wolf Grey,Jordan,AA3993-027,Wolf Grey/Dark Grey-White-University Red,men,145,2017
Jordan 1 Retro Mid Wolf Grey Cool Grey,Jordan,554724-033,Wolf Grey/Cool Grey-White,men,110,2017
Jordan 5 Retro P51 Camo (GS),Jordan,440888-051,Dark Stucco/University Red-River Rock,child,140,2017
Jordan 1 Retro High Heiress Pure Platinum (GS),Jordan,832596-100,White/White-Pure Platinum,child,140,2017
Jordan 13 Retro Black Mint Foam (GS),Jordan,439358-015,Black/Metallic Gold-Mint Foam-White,child,140,2017
Jordan 1 Retro High Flyknit Wolf Grey,Jordan,919704-025,Wolf Grey/Golden Harvest-Gum Yellow,men,180,2017
Jordan XXX1 Low Chicago (Away),Jordan,897564-601,Gym Red/Gym Red-Action Red-Chrome,men,160,2017
Jordan 1 Retro Mid Team Red Black,Jordan,554724-601,Team Red/Black-Summit White,men,110,2017
Jordan 5 Retro Red Suede (GS),Jordan,440888-602,University Red/Black,child,190,2017
Jordan 13 Retro Low Chutney (GS),Jordan,310811-022,Black/Chutney,child,120,2017
Jordan 12 Retro Low Max Orange,Jordan,308317-003,Black/Max Orange-Anthracite-Metallic Silver,men,170,2017
Jordan 6 Rings Cool Grey,Jordan,322992-014,Matte Silver/Cool Grey-Black-White,men,165,2017
Jordan 1 Retro Serena Williams Hyper Pink (GS),Jordan,873863-609,Hyper Pink/White-Black,child,100,2017
Jordan 1 Retro Rare Air Cool Grey,Jordan,332550-024,Cool Grey/Black-White,men,140,2017
Jordan 12 Retro Black Deadly Pink (GS),Jordan,510815-026,Black/Deadly Pink-Metallic Silver,child,140,2017
Jordan 1 Retro Mid White Black Hyper Jade (GS),Jordan,554725-122,White/Black-White-Hyper Jade,child,85,2017
Jordan 6 Rings Black Matte Silver,Jordan,322992-021,Black/White-Matte Silver,men,160,2017
Jordan 1 Retro Mid Black Dark Grey,Jordan,554724-041,Black/Summit White-Dark Grey,men,110,2017
Jordan 13 Retro Black Cat (GS),Jordan,884129-011,Black/Anthracite-Black,child,140,2017
Jordan 6 Rings Team Royal,Jordan,322992-400,Team Royal/Black-White,men,165,2017
Jordan 6 Rings Black White Gym Red,Jordan,322992-012,Black/White-Gym Red,men,165,2017
Jordan XXX1 Low Black Gold,Jordan,897564-023,Black/Black-Anthracite-Metallic Gold,men,160,2017
Jordan XXX1 Low Black White,Jordan,897564-002,Black/White,men,160,2017
Jordan 2 Retro Just Don Arctic Orange (PS),Jordan,923839-805,Arctic Orange/Arctic Orange-University Red,preschool,200,2017
Jordan 7 Retro Pure Platinum (GS),Jordan,304774-120,White/Metallic Silver-Pure Platinum,child,140,2017
Jordan XXXII Low UNC Win Like 82,Jordan,AA1256-401,University Blue/Metallic Silver-Black-White,men,160,2017
Jordan 11 Retro Low Blue Moon (GS),Jordan,580521-408,Blue Moon/Polarized Blue-Binary Blue,child,130,2017
Jordan 1 Retro High Mint Foam Anthracite Metallic Gold (GS),Jordan,332148-300,Mint Foam/Anthracite-White-Metallic Gold,child,95,2017
Jordan 1 Mid Trooper Bleached Coral (GS),Jordan,555112-225,Trooper/Bleached Coral,child,90,2017
Jordan 4 Retro Royalty (GS),Jordan,408452-032,Black/Metallic Gold-White,child,140,2017
Jordan XXXII MJ Day,Jordan,AA1253-001,Black/University Red,men,185,2017
Jordan 5 Retro White Cement (GS),Jordan,440888-104,White/University Red-Black-Matte Silver,child,140,2017
Jordan 9 Retro Boot NRG Olive,Jordan,AR4491-012,Black/Light Olive-True Red,men,225,2017
Jordan 1 Retro High OG Quai54 (GS),Jordan,AH1041-054,Black/Italy Blue-University Red,child,120,2017
Jordan 8 Retro Alternate (GS),Jordan,305368-104,White/Gym Red-Black-Wolf Grey,child,140,2017
Jordan 5 Retro Pure Platinum,Jordan,881432-003,Stealth/Stealth-Wolf Grey,men,400,2017
Jordan 13 Retro Wheat,Jordan,414571-705,Elemental Gold/Baroque Brown-Gum Yellow,men,190,2017
Jordan 5 Retro Sunblush (GS),Jordan,440892-115,White/White-Sunblush-Black,child,140,2017
Jordan 12 Retro Low Wolf Grey,Jordan,308317-002,Wolf Grey/Armory Navy-Electrolime,men,170,2017
Jordan 11 Retro Low Heiress Pure Platinum (GS),Jordan,897331-100,White/White-Pure Platinum,child,175,2017
Jordan 1 Retro High OG Quai 54,Jordan,AH1040-054,Black/Italy Blue-University Red,men,160,2017
Jordan Converse Pack,Jordan,917931-900,Multi-Color/Multi-Color,men,300,2017
Jordan 5 Retro Blue Suede,Jordan,136027-401,Game Royal/Black,men,190,2017
Jordan XXXII Rosso Corsa,Jordan,AA1253-601,University Red/Black,men,185,2017
Jordan 5 Retro Premium Wine,Jordan,881432-612,Bordeaux/Bordeaux-Sail-Elemental Gold,men,400,2017
Jordan 1 Retro High Rare Air Max Orange (GS),Jordan,705300-800,Max Orange/Max Orange-White,child,95,2017
Jordan 6 Retro Pinnacle Promo Flight Jacket,Jordan,AH4614-303,Palm Green/Palm Green-Black,men,225,2017
Jordan 9 Retro Pinnacle Baseball Black,Jordan,897560-003/AH6233-903,Black/Metallic Gold-White,men,250,2017
Jordan 5 Retro Premium Triple Black,Jordan,881432-010,Black/Black-Black,men,400,2017
Jordan 13 Retro Love and Respect,Jordan,888164-112,White/Black,men,190,2017
Jordan 16 Retro CEO,Jordan,AA1235-003,Black/Metallic Silver-Turbo Green,men,250,2017
Jordan 17 Retro Trophy Room (With T-Shirt),Jordan,AH7963-023,Cool Grey/Metallic Gold-Black,men,323,2017
Jordan 13 Retro Golf Cleat White Red,Jordan,917719-101,White/University Red,men,200,2017
Jordan 13 Retro Golf White Navy Blue,Jordan,917719-100,White/Navy Blue,men,175,2017
"Jordan 1 Retro All Star 2017 ""Chameleon"" (GS)",Jordan,907959-015,Black/Black-Metallic Silver,child,140,2017
Jordan 3 Retro Golf White Cement,Jordan,AJ3783-100,White/Black,men,200,2017
Jordan 1 Retro High Aleali May Shadow,Jordan,AJ5991-062,Black/Shadow Grey-White,men,160,2017
Jordan 1 Retro Golf Cleat Chicago,Jordan,917717-100,White/Black-Varsity Red,men,200,2017
Jordan 1 Retro High Rust Pink,Jordan,861428-101,White/Black-Rust Pink,men,160,2017
Jordan 5 Retro Fab Five PE,Jordan,h013mnjdls535747480,Amarillo/Black,men,,2017
Jordan Horizon Low Wolf Grey (GS),Jordan,846365-018,Wolf Grey/Black-White,child,120,2017
Jordan Spizike Black Varsity Red 2017 (PS),Jordan,317700-026,Black/Varsity Red-Classic Green,preschool,80,2017
Jordan True Flight Golden Harvest (TD),Jordan,343797-725,Golden Harvest/Golden Harvest-Sail,toddler,55,2017
Jordan 6 Retro White Hyper Jade Black (PS),Jordan,384666-122,White/White-Hyper Jade-Black,preschool,80,2017
Jordan 1 Retro High Fleece Black Pink (GS),Jordan,332148-014,Black/Deadly Pink-White,child,95,2017
